local_authority_code,local_authority_name,avg_epc_score,percent_homes_epc_c_or_above,percent_homes_below_epc_c,retrofit_need_score,fuel_poverty_rate,fuel_poor_households,copd_admission_rate,asthma_admission_rate,respiratory_mortality_rate,green_space_access_score,retrofit_health_priority_score,priority_band
E08000025,Birmingham,56.963448985145625,38.33650825066178,61.66349174933822,0.7472756047759508,82964.0,429715.0,576.445005239287,,50.4093363076059,,0.7647313168135014,Very High
E06000021,Stoke-on-Trent,57.18948291395843,37.68421391337924,62.31578608662076,0.7606026018677495,23900.0,112075.0,950.26390158015,,60.8072597370604,,0.685196129568135,Very High
E06000009,Blackpool,52.95980366003308,28.05100570879795,71.94899429120206,0.9574182576068212,11417.0,66825.0,724.05920687884,,68.6322820212822,,0.6364337668048634,Very High
E06000010,"Kingston upon Hull, City of",58.83538485816862,42.60398995278863,57.39601004721138,0.6600868726608132,21457.0,119909.0,767.557802832079,,56.3563650382016,,0.5703490132938618,Very High
E08000032,Bradford,54.94915404785083,32.98147503357517,67.01852496642483,0.8566840543539617,34728.0,217835.0,391.056200003391,,44.7845078857427,,0.5630628942741938,Very High
E08000012,Liverpool,59.252866208995485,48.38472046896886,51.61527953103114,0.5419810201731864,31810.0,213931.0,727.550375255489,,54.5146235034513,,0.547141530580255,Very High
E08000035,Leeds,58.15164201542348,41.87650750003568,58.12349249996432,0.6749500348531497,48995.0,354585.0,384.569683954567,,42.7695677372541,,0.5409516450117504,Very High
E06000018,Nottingham,58.09266215997178,42.46717708641222,57.53282291358778,0.662882090353358,19958.0,131593.0,676.857123430699,,58.7217542875844,,0.5333517131442093,Very High
E08000016,Barnsley,59.0754136434529,42.07550688275582,57.92449311724418,0.6708842871634956,17666.0,112054.0,687.948942441086,,45.5569602572701,,0.5320337829364553,Very High
E08000028,Sandwell,57.92483535331203,40.95766419445393,59.04233580554607,0.6937228822648276,24435.0,132131.0,590.510805615071,,46.4092674379345,,0.5312982114121254,Very High
E08000019,Sheffield,58.57230789316049,44.08012963275838,55.91987036724162,0.6299279273846649,34494.0,241172.0,547.826028791814,,37.6729272962902,,0.5277637481494242,Very High
E06000033,Southend-on-Sea,54.80328000458742,31.43414186593268,68.56585813406733,0.8882975506647277,8861.0,81388.0,514.705367660536,,36.7981396964127,,0.5241606209573618,Very High
E06000023,"Bristol, City of",59.08755956614131,44.93980572601492,55.06019427398508,0.6123639227016743,20950.0,203529.0,696.169431616162,,34.5249903988436,,0.5237553590219319,Very High
E08000003,Manchester,61.46381178184945,53.71975108095841,46.28024891904159,0.4329812429455558,30849.0,221028.0,790.685764345588,,59.8370801704781,,0.5226395315986927,Very High
E08000017,Doncaster,57.73585853970575,38.46816621192935,61.53183378807066,0.7445857067243524,22349.0,138601.0,524.15649345893,,43.63533492724,,0.5200899133569731,Very High
E08000008,Tameside,59.19950286773295,45.12661062949593,54.873389370504064,0.608547319884307,12266.0,102507.0,778.418963649555,,53.9841015829463,,0.5195459403912437,Very High
E06000016,Leicester,57.200735693179766,38.7083157450401,61.2916842549599,0.739679222110831,19398.0,134249.0,556.495938292733,,39.9430284349388,,0.5187911852547544,Very High
E08000030,Walsall,57.6826971261305,39.54692608118104,60.45307391881896,0.7225456109906387,19527.0,113840.0,565.196139742496,,42.801835317501,,0.5155390094878696,Very High
E08000024,Sunderland,60.180051449953226,45.8892656688494,54.11073433115061,0.5929655481126066,13817.0,126614.0,759.9786962114,,45.5058749107546,,0.5124463066365115,Very High
E08000004,Oldham,57.87075784638939,39.60102795902745,60.39897204097255,0.7214402578892709,12260.0,96057.0,631.906550486626,,47.1735572926599,,0.5120915532064054,Very High
E08000034,Kirklees,57.140511715876855,38.00462330566355,61.99537669433644,0.7540563315797882,27722.0,184792.0,432.19140672841,,38.0383920529632,,0.5107944463591326,Very High
E06000012,North East Lincolnshire,56.97657861385154,35.99562635123382,64.00437364876619,0.7951020605380646,11785.0,72581.0,546.685872464777,,40.684827397913,,0.509205493352398,Very High
E08000027,Dudley,57.42239693977656,38.4398224279937,61.56017757200629,0.7451647973349722,22023.0,139003.0,476.633044688298,,32.7997646060888,,0.5020544313176447,Very High
E07000122,Pendle,52.73627279282992,25.96682806222314,74.03317193777687,1.0,6278.0,39250.0,338.692784445886,,32.2311607763377,,0.4960841488175327,Very High
E06000013,North Lincolnshire,57.47555906340437,39.94869771112865,60.05130228887134,0.714337032381501,10891.0,75941.0,589.434815302835,,38.7410532290381,,0.48892833916152645,Very High
E08000036,Wakefield,59.54507726400348,41.57763004293544,58.42236995706456,0.6810563871145734,21739.0,158845.0,508.327289156639,,43.3871944101241,,0.4867341875739994,Very High
E08000033,Calderdale,54.76779864749548,33.613499353110114,66.38650064688989,0.8437711931087168,14218.0,93872.0,404.057369084698,,43.7579879669657,,0.48650096045937635,Very High
E08000015,Wirral,56.55224665631418,36.66032159495066,63.33967840504934,0.7815217010689776,18576.0,147536.0,424.717426883148,,49.007185858287,,0.4851789959261824,Very High
E07000117,Burnley,54.43683824497396,30.51172587591447,69.48827412408554,0.9071433914359569,6639.0,41071.0,406.823750065102,,70.9588198090059,,0.4847353072898814,Very High
E08000018,Rotherham,59.17893852378777,43.61091170136396,56.38908829863604,0.6395144984304358,17125.0,118359.0,595.520471289523,,44.4451498619362,,0.48430314634134175,Very High
E08000026,Coventry,58.56871297043197,42.13735362020528,57.862646379794725,0.6696206991741227,25701.0,136139.0,470.605306518666,,46.6944649842814,,0.4833134305533105,Very High
E07000146,King's Lynn and West Norfolk,54.46973789457821,35.573768591400714,64.42623140859929,0.8037210179888838,8819.0,70075.0,488.120946298257,,25.6299259619815,,0.4806320080244854,Very High
E07000198,Staffordshire Moorlands,54.014720435428,30.00247402276101,69.997525977239,0.9175478937872161,7375.0,42954.0,374.457551512677,,26.9155614580069,,0.4800090844514374,Very High
E07000069,Castle Point,54.56548080940727,27.46672237808154,72.53327762191846,0.9693557247963779,3312.0,38903.0,356.843754567396,,18.3774838655797,,0.47934185026482173,Very High
E08000031,Wolverhampton,57.20420235591801,39.58643210066506,60.41356789933494,0.7217384652334559,19957.0,106704.0,456.786915665355,,45.0107441775164,,0.47789833603468423,Very High
E07000195,Newcastle-under-Lyme,57.55458904873425,39.48737965131407,60.51262034868592,0.7237622014963452,9262.0,54238.0,558.77170220739,,34.7093564587002,,0.4756508447723553,Very High
E07000120,Hyndburn,54.15888749879704,28.820613992878453,71.17938600712155,0.941694424396044,5448.0,35864.0,355.154732626031,,70.6619636446296,,0.4755926463097164,Very High
E06000002,Middlesbrough,59.601991823843306,45.68459393028617,54.31540606971383,0.5971471874565396,7438.0,62381.0,714.246869075073,,45.2998876828838,,0.47404675825841536,Very High
E09000002,Barking and Dagenham,61.31301133768014,46.285144731924085,53.71485526807591,0.5848773602796723,10242.0,80293.0,697.355657505868,,45.6718752162512,,0.47347480120109864,Very High
E07000137,East Lindsey,53.54775838066257,33.14812305190405,66.85187694809595,0.8532792759760357,9724.0,68137.0,397.420882027952,,30.7921342609738,,0.4712556257323965,Very High
E08000023,South Tyneside,60.16142390493582,45.5374366624656,54.4625633375344,0.6001537511628137,7224.0,70767.0,700.501397202788,,43.7478474972687,,0.4695219294631683,Very High
E07000219,Nuneaton and Bedworth,59.108968452091744,41.89186925126074,58.10813074873926,0.6746361795853666,8276.0,57418.0,604.54545462675,,44.4362761331673,,0.4687738297778993,Very High
E06000047,County Durham,59.35253098144434,44.90151022088807,55.09848977911194,0.6131463364929403,27698.0,242909.0,465.046433820501,,41.4778120699463,,0.46613445784192997,Very High
E06000001,Hartlepool,59.25920716112532,44.07014979905006,55.92985020094995,0.6301318249309192,4496.0,42412.0,678.546113804607,,49.6772572993601,,0.46351543956445473,Very High
E07000121,Lancaster,56.02009413204716,36.07763708161511,63.92236291838489,0.7934265028905139,8159.0,61901.0,448.160926095671,,45.4058063826293,,0.45972323493774,Very High
E08000007,Stockport,57.10398290691941,36.92778486511023,63.07221513488977,0.7760571706877554,13273.0,130513.0,409.056716421902,,30.6556897396334,,0.457705192606026,Very High
E08000021,Newcastle upon Tyne,60.74757046979866,48.34161073825503,51.658389261744965,0.5428617931969792,14044.0,127149.0,647.578083099553,,44.2936465948333,,0.4529014700318845,Very High
E06000045,Southampton,58.871106067299344,45.58928816244459,54.41071183755541,0.5990943754332861,12663.0,108173.0,598.771328614826,,48.074629131268,,0.45275417774626214,Very High
E06000052,Cornwall,53.21120996099379,36.98672251791788,63.01327748208212,0.7748530180795368,32422.0,266181.0,197.008323662612,,24.5205130997419,,0.45212670485733714,Very High
E07000076,Tendring,56.118219876228615,36.03671537781476,63.96328462218525,0.7942625724320812,8865.0,70110.0,403.474755586424,,41.2065904844822,,0.4466362379508192,Very High
E06000003,Redcar and Cleveland,57.82212519505462,40.28177889809147,59.71822110190853,0.7075318652103755,6977.0,63861.0,519.058280791249,,37.5017898166992,,0.44642977819991325,Very High
E08000010,Wigan,58.90595482264493,42.264767013534,57.735232986466,0.6670175217045433,17051.0,147344.0,454.788095672036,,42.7868989351825,,0.444515300683477,Very High
E08000002,Bury,57.371264701287686,37.82052712624696,62.17947287375304,0.7578175925741997,9302.0,83128.0,419.432168772022,,36.1790527012667,,0.4394066750994287,Very High
E06000044,Portsmouth,58.6035577592206,43.07150313152401,56.92849686847599,0.6505351313421003,12037.0,91026.0,503.951610816518,,42.4492850977501,,0.43697421133547576,Very High
E06000027,Torbay,56.024975105632855,36.62566945662998,63.37433054337003,0.7822296773922862,7625.0,67064.0,396.724045801857,,32.0935224474655,,0.4348013060996384,Very High
E08000014,Sefton,56.54270925697644,38.93466554207487,61.065334457925125,0.7350546793018613,14367.0,126793.0,368.05047410037,,31.2434478027903,,0.43064258617470763,Very High
E08000005,Rochdale,59.701157236798025,47.04947689833737,52.95052310166263,0.5692613231983237,11874.0,92956.0,573.330365684568,,49.615104324785,,0.4287630648590446,Very High
E06000015,Derby,57.66979606574878,40.40064681225176,59.59935318774825,0.7051032800521448,14213.0,111106.0,397.44607362264,,40.7154761992134,,0.42864218727837317,Very High
E08000037,Gateshead,59.70632669356194,45.13993948562784,54.860060514372165,0.6082749986073098,9263.0,92260.0,545.013607635577,,45.2228964748267,,0.42452132811996174,Very High
E07000062,Hastings,57.846117165009446,42.17339856237085,57.82660143762914,0.6688842665363413,6381.0,42759.0,502.184523644515,,36.5455399266522,,0.4227037283962394,High
E06000008,Blackburn with Darwen,57.31067740685823,38.79426655445571,61.20573344554428,0.7379231648807597,8827.0,60548.0,399.574867357939,,66.012156461746,,0.4225597182814355,High
E07000170,Ashfield,58.50439877964132,44.271901079920575,55.72809892007942,0.6260098533304458,7032.0,57304.0,538.363276733558,,34.9980207270219,,0.42095430097191233,High
E07000145,Great Yarmouth,55.84216778314379,39.94975852936594,60.050241470634056,0.7143153588504657,6058.0,46331.0,449.555637611008,,37.7231434115658,,0.42078762213599435,High
E06000004,Stockton-on-Tees,60.19399749731503,46.859327428047806,53.140672571952194,0.5731462587139579,7978.0,86776.0,577.660701420317,,48.6923269002232,,0.4174226578601744,High
E06000005,Darlington,57.91742106805994,40.82216819271292,59.177831807287085,0.6964911951535699,5482.0,50630.0,462.448149976766,,46.7974615926664,,0.41614945265399006,High
E07000036,Erewash,56.14806961239422,36.9362141096911,63.0637858903089,0.7758849531601845,6183.0,52956.0,361.845333945308,,33.6772698745216,,0.41439621188387077,High
E07000218,North Warwickshire,57.57976629381991,39.764419171405365,60.23558082859464,0.7181020191713673,4450.0,27992.0,441.050177489644,,33.5242421156561,,0.4132858948025545,High
E06000051,Shropshire,55.96536904472892,39.8682475214393,60.1317524785607,0.7159807066903895,25035.0,141481.0,229.61103130458,,24.4205889183129,,0.41288478018281766,High
E06000011,East Riding of Yorkshire,57.27043937792541,39.81216971161105,60.18783028838895,0.7171264299717061,20556.0,157821.0,269.582501584251,,26.5589152127206,,0.4110796370558114,High
E08000001,Bolton,58.57011452655071,43.03378495547865,56.96621504452135,0.6513057497481386,15131.0,122408.0,398.310280764542,,43.7601192774212,,0.4108378718235916,High
E07000172,Broxtowe,56.332327146644914,34.98878237813584,65.01121762186418,0.815672845741064,5526.0,50905.0,307.804746614681,,27.8166994820483,,0.4084774349585959,High
E06000032,Luton,57.988201728982986,41.53634940043332,58.46365059956669,0.6818997901170667,10023.0,82174.0,406.644824027097,,37.9638984381343,,0.40712355448456816,High
E07000174,Mansfield,58.698476710721685,43.02604806335123,56.97395193664876,0.6514638218529971,6253.0,50518.0,477.844407033495,,54.4883739561334,,0.4065241837977225,High
E07000192,Cannock Chase,59.49328202729708,43.26289383052001,56.73710616947999,0.6466248363370217,6460.0,44090.0,478.848768527982,,50.5663530392554,,0.40571677686493596,High
E07000123,Preston,59.58715892092639,46.72847784597926,53.27152215402074,0.5758196408054771,7752.0,61444.0,532.246316325876,,64.604711957711,,0.40135278209137365,High
E06000057,Northumberland,57.33750444932677,42.56931744258834,57.43068255741166,0.6607952652011034,16198.0,152099.0,349.283404436727,,22.990596294488,,0.40099300153587575,High
E06000019,"Herefordshire, County of",54.62258319084572,37.29229690034636,62.70770309965364,0.7686098412294693,15401.0,84051.0,229.975363508637,,20.205117340856,,0.3983385291359669,High
E07000147,North Norfolk,52.88264392324094,30.89637526652452,69.10362473347547,0.899284636550274,6802.0,50375.0,172.57333872525,,24.2499095161681,,0.3981142327972435,High
E06000058,"Bournemouth, Christchurch and Poole",59.21505948624233,45.78745089912301,54.21254910087698,0.5950457212223383,17029.0,184505.0,404.815371169332,,25.1823452275237,,0.3977077319761064,High
E09000016,Havering,57.94004557378933,38.541447255040886,61.45855274495912,0.7430885049358164,9190.0,109831.0,316.746881150341,,30.9264407310404,,0.39624171764196425,High
E07000135,Oadby and Wigston,57.42541507024266,36.03235419327373,63.96764580672627,0.7943516756028018,2170.0,23850.0,330.476394578066,,34.9002937379291,,0.3956406799548348,High
E07000032,Amber Valley,57.36975962346613,39.44864683140024,60.55135316859976,0.724553550046908,7053.0,59060.0,351.8499636949,,35.9049722272308,,0.39350238690398,High
E08000013,St. Helens,59.631220580186096,45.09906951286261,54.90093048713738,0.6091100112343595,10005.0,83443.0,448.978196407532,,58.7245260787899,,0.39313607071593326,High
E07000140,South Holland,57.35259814641258,39.37936061647402,60.620639383525976,0.7259691336754126,4802.0,42670.0,370.06646975429,,21.1182074958762,,0.3922592063649184,High
E09000017,Hillingdon,59.454966353046245,44.0034782881182,55.9965217118818,0.6314939876564093,10744.0,118449.0,398.769703321283,,25.4385833707618,,0.38680843243277574,High
E09000004,Bexley,58.13378082319489,40.06059758541929,59.93940241458071,0.7120508109412589,8791.0,103460.0,328.502560594757,,26.5157397089044,,0.3865665027873527,High
E07000199,Tamworth,60.15902592301649,46.25923016496465,53.74076983503535,0.585406819664438,4228.0,33375.0,514.99878863547,,35.6824847753164,,0.3859276929612048,High
E07000125,Rossendale,55.91882783882784,35.40512820512821,64.5948717948718,0.8071665023491752,4133.0,31467.0,267.420814735839,,33.0851459477569,,0.38541336548197286,High
E07000128,Wyre,57.31949895166927,37.738114438291845,62.26188556170816,0.7595013625993707,6014.0,52317.0,300.84846972126,,45.8776272325756,,0.38532174690870596,High
E09000010,Enfield,57.41527562571469,38.541589136009634,61.458410863990366,0.7430856061719456,14557.0,131093.0,226.897326701367,,26.1146737587278,,0.3838939408336412,High
E07000064,Rother,55.58461139586367,36.49508386350492,63.50491613649508,0.7848976659372406,5562.0,44450.0,271.350547167478,,21.277798766068,,0.38321596626037024,High
E07000239,Wyre Forest,56.515936691656805,37.80525231268359,62.19474768731641,0.7581296716224171,7274.0,45967.0,282.414734401373,,46.8688434436492,,0.3828292867247415,High
E07000136,Boston,57.30349871410201,42.28729104157737,57.71270895842263,0.666557334272164,3810.0,30845.0,417.99617141601,,32.5139953093983,,0.38201948731476115,High
E07000037,High Peak,57.85096757979392,40.5001256597135,59.49987434028651,0.7030708320680934,5231.0,42875.0,362.256792806734,,37.6403326523579,,0.381887663107046,High
E08000029,Solihull,58.7968698464714,42.8954452116737,57.10455478832629,0.6541321630066828,10689.0,90793.0,356.967578010142,,36.6886591394456,,0.38065523313922645,High
E07000126,South Ribble,59.65627241655766,44.46179163677792,55.53820836322208,0.6221302076638277,4357.0,50104.0,445.431657939449,,33.5010266363646,,0.3761249630809622,High
E07000134,North West Leicestershire,59.50792021941527,44.60884004701756,55.39115995298244,0.6191258680220312,5086.0,47181.0,440.152660167432,,26.9288526889478,,0.375731949917035,High
E06000035,Medway,59.67112958313189,45.67770309259057,54.32229690740943,0.5972879738602848,13023.0,117784.0,378.809855219123,,43.5500054260971,,0.37441352486057244,High
E09000008,Croydon,58.88609451023083,43.09835373575348,56.90164626424652,0.6499865478207871,16946.0,165902.0,279.181598868161,,26.9351742740136,,0.37428113786014006,High
E09000026,Redbridge,58.12712374466914,39.280678222589074,60.719321777410926,0.7279853093512514,12119.0,112630.0,241.149540179324,,23.0293450898747,,0.37392795229817977,High
E09000006,Bromley,57.562082155785326,39.753108384598015,60.24689161540199,0.7183331093622088,12054.0,147293.0,250.385536060154,,22.1025997374367,,0.37314119063970946,High
E07000010,Fenland,58.96089428248761,46.03104722163735,53.968952778362656,0.5900688154051795,4758.0,45651.0,464.613797281267,,28.3773307783547,,0.3716728119733978,High
E06000063,Cumberland,60.82862286228623,50.369036903690365,49.63096309630964,0.5014395378342293,16783.0,129193.0,435.732881754373,,32.4814818269868,,0.3704505042390236,High
E08000009,Trafford,57.733818408202175,39.43794867804129,60.56205132195872,0.7247721235505451,9690.0,99199.0,260.079815861962,,23.8822430263377,,0.3704293338787923,High
E06000065,North Yorkshire,61.47150663544106,52.69892043182727,47.30107956817273,0.4538377893152001,40355.0,285060.0,244.738268996421,,23.8383144985589,,0.37027319262332214,High
E07000111,Sevenoaks,56.2020703585255,37.65569769399091,62.34430230600909,0.7611852154995659,4984.0,51732.0,263.652713473057,,27.3902515036438,,0.3688243456573003,High
E07000244,East Suffolk,57.11300150165496,40.90004953102765,59.09995046897235,0.6949000049348263,13595.0,115264.0,245.223662121853,,24.7193111978963,,0.3676300975168452,High
E06000043,Brighton and Hove,57.77870421576552,41.557833836729486,58.442166163270514,0.6814608425382315,15522.0,128328.0,239.205748780838,,28.9332702887234,,0.36724083422551046,High
E07000046,Torridge,53.65559902717564,37.02812731310141,62.97187268689859,0.7740070785190368,3977.0,32327.0,253.076169374717,,14.3659894703342,,0.3664221727041958,High
E07000173,Gedling,57.79898728214791,40.34048852701703,59.65951147298297,0.7063323713481244,5571.0,54269.0,309.334505453402,,31.8951484052542,,0.36545722547743487,High
E07000171,Bassetlaw,57.613528512828765,41.30941848306925,58.69058151693075,0.686536205770082,6979.0,54094.0,315.997417383072,,35.1330950299451,,0.365152064089754,High
E07000066,Basildon,60.531797128001344,48.100171597404106,51.89982840259589,0.5477946257298684,5992.0,79407.0,471.125690093642,,33.4178951470552,,0.36167693712154386,High
E08000011,Knowsley,62.38521576626644,58.19276666951668,41.80723333048332,0.3415932569810762,7444.0,68069.0,683.586037365925,,57.9066829374277,,0.36084200836683644,High
E08000022,North Tyneside,61.091414716215546,49.96882577069622,50.03117422930378,0.5096162339983232,8467.0,99585.0,482.848678024381,,31.1743384453755,,0.35979223307117836,High
E07000114,Thanet,58.07596178552241,42.72850435635701,57.271495643642986,0.6575429243243059,9196.0,65609.0,308.383635224093,,33.5181204266954,,0.3590438252331776,High
E07000133,Melton,56.84313569121576,39.55500618046972,60.44499381953028,0.7223805268352707,2726.0,23740.0,301.935134306291,,26.1181647771944,,0.3586695753157597,High
E07000080,Forest of Dean,55.24486580041849,38.24752654284312,61.75247345715688,0.7490935861588076,4861.0,39525.0,244.668733750679,,22.0997660547691,,0.3567174072920225,High
E06000014,York,59.38301077133136,43.22728159337682,56.77271840662318,0.6473524283974049,10892.0,88793.0,294.909301656003,,17.7907955683001,,0.3564209264354974,High
E06000049,Cheshire East,58.91924206586437,43.43773555480467,56.56226444519533,0.6430526527108783,17506.0,180019.0,226.644769046161,,25.12996190873,,0.35472677558169224,Medium
E07000138,Lincoln,59.36850099310667,45.139619114382526,54.860380885617474,0.6082815440982186,5881.0,44671.0,384.745721035258,,45.804131411596,,0.35445473787272896,Medium
E07000034,Chesterfield,58.960405369024265,41.96377062420676,58.03622937579323,0.6731671657776734,6402.0,50518.0,305.837858729538,,33.551269330448,,0.3540179022711866,Medium
E07000119,Fylde,57.69410335401571,39.619039354362826,60.38096064563717,0.7210722678584914,4228.0,38710.0,274.640363953745,,42.8812012703657,,0.35391938109495097,Medium
E07000044,South Hams,53.79372963522213,35.15656043868712,64.84343956131289,0.8122449795198889,4777.0,41787.0,166.679335065184,,18.4921393276096,,0.3536728499582675,Medium
E07000196,South Staffordshire,57.9547603132162,40.57247899159664,59.42752100840336,0.7015925843071121,6190.0,46809.0,274.080535678408,,21.4883375354612,,0.35320284089926374,Medium
E06000059,Dorset,57.63082688391039,42.84100475220638,57.15899524779362,0.6552444336543475,17799.0,180139.0,205.73919727336,,18.2297386017896,,0.3531862419076811,Medium
E06000034,Thurrock,60.26343735703096,46.58191346300481,53.41808653699519,0.5788140913073765,5821.0,69130.0,412.348166477737,,38.181557940943,,0.35235288971345624,Medium
E09000031,Waltham Forest,59.81985766385637,44.39957476338831,55.60042523661169,0.6234013578844143,13631.0,111420.0,281.428013285767,,32.2037808184826,,0.3521593740789724,Medium
E07000229,Worthing,56.376993431297095,36.39276189794348,63.60723810205652,0.786988201542908,5366.0,52234.0,183.455114635465,,23.4220700487876,,0.3517760207140953,Medium
E06000046,Isle of Wight,56.59196000565473,41.14970891005128,58.850291089948726,0.6897992250751555,8819.0,68301.0,255.151720638314,,37.0973701039064,,0.3514410861344911,Medium
E07000109,Gravesham,59.14252996575343,44.85017123287671,55.14982876712329,0.6141952411128601,5018.0,44146.0,378.268436376608,,41.8677636612445,,0.3512947295552133,Medium
E07000236,Redditch,59.957409568261376,47.50513974551314,52.49486025448687,0.5599516954857015,4620.0,36902.0,441.303588966785,,28.1447861626436,,0.3507471875577765,Medium
E07000091,New Forest,57.638932043700514,41.053172296281446,58.94682770371856,0.6917715604112591,7840.0,81955.0,259.483509003928,,23.7609273317402,,0.35015415461261973,Medium
E07000043,North Devon,55.40259416791202,39.462390313062805,60.5376096869372,0.7242727575738181,5569.0,45896.0,244.521831602105,,24.1627798075416,,0.3493620373824986,Medium
E06000054,Wiltshire,58.88334197185947,45.77323236792537,54.22676763207463,0.5953362194117143,21737.0,229063.0,214.234548533714,,23.2350074396583,,0.34687676353036623,Medium
E06000050,Cheshire West and Chester,59.71176700900521,47.03430412914496,52.96569587085504,0.5695713173824587,16219.0,159829.0,298.863830301248,,26.8147316381153,,0.3464836511609762,Medium
E09000027,Richmond upon Thames,56.75846005858003,38.16996854836095,61.83003145163906,0.7506781701538424,6593.0,87524.0,193.59261147643,,21.261871853076,,0.34544122686058115,Medium
E07000042,Mid Devon,55.64981004209878,41.0719786425711,58.9280213574289,0.6913873287722817,4386.0,37875.0,281.498250521757,,33.3250100593697,,0.34509294129126117,Medium
E07000129,Blaby,59.3297431027589,41.96821271491403,58.03178728508597,0.6730764096166069,3620.0,44755.0,308.563521077392,,13.6059721603854,,0.34464261897803317,Medium
E07000045,Teignbridge,56.49185672669092,39.36393412929616,60.63606587070384,0.7262843115606178,6410.0,63557.0,218.528678206526,,19.6834376888092,,0.3439555856282044,Medium
E07000088,Gosport,59.61383977832814,48.174394938819546,51.82560506118045,0.546278171885875,3676.0,37988.0,447.219540470938,,32.3531110513045,,0.3439003346436165,Medium
E07000193,East Staffordshire,58.830233845753,45.73671182907764,54.26328817092235,0.5960823689445189,8285.0,52016.0,343.605323772861,,24.1584761647128,,0.34372357379284024,Medium
E07000118,Chorley,60.63664697847125,48.74848490678569,51.25151509321431,0.5345489648450947,5008.0,51617.0,441.703318827556,,32.6624266273041,,0.3421685125900607,Medium
E09000022,Lambeth,60.97240473727972,50.75895844740524,49.24104155259476,0.49347306781891925,11765.0,145789.0,409.869581635958,,22.5449635036928,,0.33937074919900345,Medium
E07000035,Derbyshire Dales,54.30133726201269,34.64981867633726,65.35018132366274,0.8225981983156611,4677.0,34006.0,115.935325182589,,18.5558601300681,,0.33922917201118197,Medium
E07000142,West Lindsey,57.70517543329911,43.14068884997081,56.85931115002919,0.6491216009527738,5769.0,44484.0,297.810543171373,,30.0391715965819,,0.3391707982168307,Medium
E06000026,Plymouth,59.643283528866384,46.32599935812859,53.67400064187141,0.5840426611975338,13717.0,121861.0,287.864637148809,,43.1249900021864,,0.33904520338624033,Medium
E07000075,Rochford,58.64425435185739,41.86755996889394,58.13244003110606,0.6751328414707903,2783.0,36976.0,297.505590255453,,19.0748945584183,,0.33839194659396343,Medium
E07000113,Swale,59.4779744199881,45.962224866151104,54.037775133848896,0.5914749219417423,7233.0,63889.0,343.440658345319,,38.514661129336,,0.3379200397563244,Medium
E07000197,Stafford,59.22745921190726,44.70947428680469,55.29052571319531,0.6170698142678843,8929.0,60914.0,297.37976488472,,17.0848494354143,,0.33791464415965566,Medium
E07000130,Charnwood,59.90458273390141,47.7012554256274,52.29874457437259,0.5559448645979345,7599.0,77618.0,378.37675916501,,25.8289051840894,,0.33760536406403424,Medium
E07000090,Havant,59.6066507311586,45.77650449943757,54.22349550056242,0.5952693666358204,5067.0,56546.0,360.048618538437,,35.4431476776769,,0.33736626182760737,Medium
E07000141,South Kesteven,58.0192995743125,43.53503434227364,56.46496565772636,0.6410647454372439,6928.0,66034.0,287.307933197482,,24.1467445914745,,0.33647650933372203,Medium
E07000202,Ipswich,59.48220512536669,47.107986937510375,52.89201306248962,0.5680659071455824,7097.0,61863.0,366.518240632863,,38.4441147322444,,0.33633555412319593,Medium
E06000064,Westmorland and Furness,59.05710677704504,46.09232496141434,53.90767503858566,0.5888168525823806,13734.0,106680.0,274.293904117157,,31.0735710526356,,0.336146833823849,Medium
E06000006,Halton,60.75987502400028,50.43200502696759,49.56799497303241,0.5001530388600275,6140.0,57606.0,448.31147118314,,48.7250197297602,,0.3349802172324786,Medium
E07000237,Worcester,58.65184598559415,44.152807632839306,55.84719236716069,0.6284430463419266,6332.0,45379.0,302.509902213607,,34.1006060622664,,0.3346741122965978,Medium
E07000175,Newark and Sherwood,58.65806906503132,43.4788312071623,56.52116879283769,0.6422130292339407,6721.0,56083.0,281.591406913446,,26.6949350426232,,0.33411624647961025,Medium
E07000132,Hinckley and Bosworth,59.25900715203344,45.00603992100167,54.99396007899833,0.6110106947591423,4889.0,51912.0,333.697913142425,,18.5864482173864,,0.33354431348472774,Medium
E07000116,Tunbridge Wells,57.036018165683565,40.69356719040908,59.30643280959092,0.6991186366102068,5480.0,50898.0,227.758944888319,,23.395253397103,,0.33295343618617784,Medium
E07000047,West Devon,52.830620495693445,35.841096853577085,64.15890314642292,0.7982592459498649,3242.0,26346.0,140.100362530038,,31.1720791872883,,0.332845568611013,Medium
E07000103,Watford,61.30016806007616,49.73514582934457,50.26485417065544,0.5143905386654145,3752.0,41142.0,450.941102825018,,21.5348364363741,,0.3327629564416529,Medium
E07000223,Adur,58.120355779668735,39.541968694190565,60.45803130580944,0.722646895147543,2837.0,29269.0,225.04251193934,,23.7826334435057,,0.3315878634719468,Medium
E09000023,Lewisham,61.153831612278175,50.73371298943737,49.26628701056263,0.4939888566671263,12773.0,132713.0,374.333849723692,,26.2187614638028,,0.33056010545465164,Medium
E07000194,Lichfield,59.46645732229518,46.05722567469641,53.94277432530359,0.5895339645750476,5864.0,46286.0,335.282300439898,,20.8126971519806,,0.32913821061179077,Medium
E07000234,Bromsgrove,58.317042824794086,41.79709856421231,58.20290143578769,0.6765724353498176,4982.0,41859.0,247.272068181748,,30.2914597921179,,0.32909213133832343,Medium
E09000009,Ealing,60.79898780552245,48.08628312089383,51.91371687910616,0.5480783805863538,14465.0,144750.0,291.786258235574,,23.0824514138194,,0.3288411565370124,Medium
E09000024,Merton,58.835193005117,43.38019772467584,56.61980227532416,0.6442282056031353,8107.0,88971.0,249.668677354394,,15.8507442607273,,0.32860406421766164,Medium
E09000014,Haringey,59.69179929584715,44.90999059756909,55.09000940243091,0.6129730742876661,12999.0,113716.0,233.931195251154,,25.5246405060627,,0.3285956687865068,Medium
E07000143,Breckland,58.22520404736527,43.085750996510384,56.914249003489616,0.6502440338353692,7064.0,62729.0,249.282912320253,,26.8957565156024,,0.3270038559877527,Medium
E07000061,Eastbourne,59.03288561986995,46.02210141065274,53.97789858934726,0.590251586878365,5533.0,48279.0,330.696500250502,,32.3338097341143,,0.3265516803677137,Medium
E09000015,Harrow,59.20457302755166,43.490724796493424,56.50927520350657,0.6419700318302116,9814.0,97231.0,228.568206113392,,23.3971987597412,,0.326457555497907,Medium
E07000235,Malvern Hills,55.90016332667928,39.49394654291862,60.50605345708138,0.723628033621026,6125.0,35391.0,170.574369600555,,22.7817859228454,,0.32462335562413114,Medium
E07000224,Arun,59.01363937216339,43.6625378214826,56.33746217851739,0.6384597274269831,7301.0,76714.0,252.363864630602,,34.0654812816715,,0.3242749523449554,Medium
E07000063,Lewes,57.8756425589056,41.333585111516754,58.666414888483246,0.6860424584406476,4873.0,46141.0,223.638330296919,,21.1746477508957,,0.3239927855811774,Medium
E06000024,North Somerset,60.03716070560392,48.7272160201077,51.27278397989231,0.5349835085391031,8903.0,100772.0,346.640183813483,,26.2098042611304,,0.32266528178338466,Medium
E09000029,Sutton,58.65961861791559,44.81877966245983,55.18122033754017,0.6148366009158527,7106.0,89336.0,275.936455595234,,32.1108881935282,,0.3225636933703281,Medium
E07000102,Three Rivers,58.47334982424164,43.45007160525973,56.54992839474027,0.6428006154032669,3011.0,38349.0,284.495944262282,,22.0698833452578,,0.32163492236260444,Medium
E07000065,Wealden,57.76672570646486,41.738453694012826,58.26154630598717,0.6777706061293669,7616.0,71957.0,197.907353262973,,16.1661133500826,,0.32162083952816667,Medium
E09000021,Kingston upon Thames,57.73913706715481,41.86409453069079,58.135905469309215,0.6752036436872371,5995.0,71284.0,216.973727848122,,13.3877897778134,,0.32142611292661577,Medium
E07000127,West Lancashire,58.5557226908357,44.19924217902093,55.80075782097907,0.6274943441586462,5705.0,49963.0,272.124614300616,,28.0221283350123,,0.3210628121620427,Medium
E06000022,Bath and North East Somerset,58.045152937368506,42.12871554188919,57.87128445811081,0.6697971833746091,8825.0,84487.0,189.848224321339,,27.1260338777436,,0.3200224193886137,Medium
E07000074,Maldon,56.52253472222223,39.03819444444444,60.96180555555556,0.7329394848230248,2870.0,28973.0,179.879716458203,,18.4397839102903,,0.3196165046668764,Medium
E07000112,Folkestone and Hythe,57.92777867658955,43.18556867820741,56.81443132179259,0.6482046631438678,6513.0,50966.0,230.542547954442,,31.4606170855299,,0.31741798265461507,Medium
E07000245,West Suffolk,59.109962821272696,46.34301417102215,53.65698582897785,0.5836950322990605,8356.0,81795.0,282.086534676716,,18.7313177402761,,0.3169503348063213,Medium
E07000038,North East Derbyshire,58.94211625906354,41.04706894432837,58.95293105567162,0.691896257728221,5696.0,48320.0,188.608598666684,,29.0782386692704,,0.31681287875164554,Medium
E07000082,Stroud,57.51467650499415,41.55853504904166,58.441464950958334,0.6814465161001328,5605.0,55613.0,200.864789032985,,14.3404162374323,,0.316694748368327,Medium
E07000178,Oxford,60.117081734833214,49.65082255023084,50.349177449769165,0.5161133438950309,6669.0,58543.0,372.460946831532,,33.8982049055938,,0.3161003277099198,Medium
E07000222,Warwick,59.71952038116798,46.066572778604055,53.933427221395945,0.589342994303693,8234.0,63534.0,271.814627841323,,18.4880443659192,,0.31507006165740203,Medium
E07000213,Spelthorne,59.11448433284914,44.52168499688732,55.47831500311268,0.620906529041503,3393.0,44142.0,285.275007858296,,38.7197985774545,,0.3145736119169305,Medium
E06000038,Reading,60.09448391329924,47.34263993845875,52.65736006154125,0.5632717219404052,7457.0,71485.0,305.057908665064,,29.9533468275408,,0.3136923445590586,Medium
E07000072,Epping Forest,58.51557651301077,43.22590711301423,56.77409288698577,0.6473805103456115,4824.0,56775.0,232.066062572937,,22.1555100101498,,0.3113713433845851,Medium
E07000108,Dover,58.41880962431406,43.47657239341494,56.52342760658505,0.6422591789588754,6891.0,53320.0,214.174177370208,,28.4013048661054,,0.31056636165146534,Medium
E07000081,Gloucester,60.16157266557454,47.82432327014588,52.175676729854125,0.553430470846144,5156.0,59006.0,330.858961861005,,32.7915885309455,,0.3104834048600571,Medium
E07000040,East Devon,57.56153391875931,42.37148872798234,57.62851127201767,0.6648370950216904,7298.0,70902.0,184.031825463885,,12.3889564895464,,0.310287603720991,Medium
E07000079,Cotswold,55.64687474094338,39.262621238497886,60.737378761502114,0.7283542308039079,5043.0,43274.0,134.925101416695,,16.0035828919717,,0.3097051427025929,Medium
E07000225,Chichester,57.57668277175368,44.09593805574353,55.90406194425647,0.6296049461856762,6539.0,57093.0,224.497192251967,,18.1527498593915,,0.307904593575485,Medium
E07000200,Babergh,57.45211591752384,42.48273918557137,57.517260814428624,0.6625641417856909,4771.0,41811.0,205.801276874164,,18.9272687886266,,0.30782073180994385,Medium
E06000037,West Berkshire,58.08028040395359,43.79431671680275,56.20568328319725,0.6357673585770428,5994.0,70388.0,220.36914791116,,21.4377648872011,,0.30686664572201117,Medium
E07000139,North Kesteven,59.09419437428641,44.74967996401757,55.250320035982426,0.6162483738342266,5438.0,53473.0,247.67240378484,,31.1182414979574,,0.3067973264314667,Medium
E07000210,Mole Valley,56.55081539465101,39.02413568166993,60.97586431833008,0.7332267187907318,3447.0,39194.0,137.350503942752,,17.5726435957806,,0.3066057843390382,Medium
E07000033,Bolsover,59.65578655903886,47.77313685000939,52.226863149990606,0.5544762583584814,5099.0,36995.0,316.38185488252,,40.6382950795714,,0.30549390238455754,Medium
E07000148,Norwich,60.49978213507625,50.04962478818688,49.95037521181312,0.5079654328038744,8125.0,66925.0,335.319676951068,,40.281784432111,,0.30490936461998064,Medium
E06000017,Rutland,57.471953896816686,41.33918770581778,58.66081229418222,0.6859279920813851,2071.0,17574.0,198.119548917021,,,,0.30439575753319376,Medium
E07000144,Broadland,58.88999524170382,41.52582697425233,58.47417302574767,0.6821147733464118,5646.0,60072.0,161.391229888136,,16.6624045693466,,0.30294542554177695,Medium
E09000025,Newham,63.26871767620907,54.36205117431522,45.63794882568479,0.4198584378145334,16696.0,125894.0,336.371336685545,,31.245367741801,,0.3018304843427459,Medium
E09000018,Hounslow,61.54955671257705,51.44955414775107,48.55044585224893,0.47936353725261127,10233.0,111535.0,335.623403275914,,20.336672265512,,0.3013953607657172,Medium
E07000106,Canterbury,59.47917525773196,45.61469072164949,54.38530927835051,0.5985753768565726,8077.0,67418.0,225.0095517341,,23.2044135398319,,0.30138050365070657,Medium
E07000216,Waverley,57.74777661064426,41.13620448179272,58.86379551820728,0.6900751334585977,5167.0,55311.0,148.553811991308,,18.9423733841541,,0.29974527338134155,Medium
E09000013,Hammersmith and Fulham,61.21120150443564,51.19905155144925,48.80094844855075,0.48448154484763406,7229.0,88369.0,353.192032453738,,34.5138376441952,,0.2986080223936133,Medium
E07000209,Guildford,58.23525389734707,43.14279636551493,56.85720363448507,0.649078542394816,5540.0,58998.0,185.411167250982,,20.770398420628,,0.2979595613927146,Medium
E06000066,Somerset,62.5066156754143,57.916831509077326,42.08316849092268,0.34723087618227966,27917.0,266132.0,286.363445900775,,22.5289722167767,,0.29644380895995437,Medium
E09000005,Brent,62.09873127858263,51.48414594598172,48.51585405401829,0.47865679373504477,14131.0,128526.0,277.872236334914,,20.1156432411229,,0.29483953567786503,Medium
E06000025,South Gloucestershire,61.03133163531871,50.07918625914316,49.92081374085684,0.5073614636829636,9306.0,125701.0,292.84235020126,,18.1574927058331,,0.2938007830289897,Medium
E08000006,Salford,63.64690920257485,61.549425527107125,38.45057447289288,0.27301350658859097,13328.0,118578.0,511.358203612283,,50.3549642825273,,0.29341189730616424,Medium
E07000011,Huntingdonshire,60.871726524504304,50.31565656565656,49.68434343434344,0.5025301491872258,6729.0,79914.0,323.024032612604,,18.3466720554257,,0.2931446310097544,Medium
E07000215,Tandridge,57.84174176487201,41.22057048961462,58.77942951038537,0.688351455240612,3260.0,37641.0,150.662513237864,,20.8718306955157,,0.2927403960181791,Medium
E06000030,Swindon,62.42076995377208,54.72541384535706,45.27458615464293,0.4124345909658592,7979.0,102270.0,409.281151060549,,33.7597958807365,,0.29270337669799845,Medium
E07000124,Ribble Valley,58.5218878248974,42.375260997912015,57.62473900208799,0.6647600239396514,3112.0,27553.0,178.290797841595,,33.7819104050985,,0.2926718741494586,Medium
E06000007,Warrington,61.05902825434796,50.346071645654014,49.65392835434599,0.501908740017308,8380.0,93297.0,304.478318928748,,39.0697844800081,,0.2923621535880205,Medium
E07000067,Braintree,59.51694390373385,47.6228396154073,52.3771603845927,0.5575469745888139,6785.0,67510.0,256.882760394556,,30.1476696426069,,0.2916182291286923,Medium
E07000078,Cheltenham,59.0934275269547,45.54456972744521,54.45543027255479,0.6000080158240173,5058.0,56328.0,224.986536594876,,25.1143094377716,,0.29074902654274065,Medium
E07000093,Test Valley,59.56407196793139,48.18122494639695,51.81877505360306,0.5461386282996161,5067.0,57819.0,283.834048138294,,24.6495479563617,,0.2903574330671461,Medium
E07000243,Stevenage,62.43709794328169,55.26864184108,44.73135815892,0.4013359235309351,2945.0,37965.0,466.075758014359,,30.8536932304145,,0.28998071612280574,Medium
E06000020,Telford and Wrekin,63.28501223062194,56.71134625388778,43.28865374611221,0.3718600927366437,11320.0,77632.0,410.308898024697,,40.6750219801951,,0.28923291961467684,Medium
E07000238,Wychavon,59.63575447246981,47.25488336810165,52.74511663189835,0.5650646725933384,8735.0,58189.0,219.795620625155,,26.8325704382454,,0.2885449889374565,Medium
E07000240,St Albans,59.45192569509575,45.90203612380117,54.09796387619883,0.5927046355057115,4439.0,61300.0,230.743768870746,,24.0488030292792,,0.2875985559887898,Medium
E07000073,Harlow,61.663804870328974,51.68443749876362,48.31556250123638,0.4745646457753421,3234.0,39403.0,374.773362310795,,26.3888327792999,,0.2875718188152484,Medium
E07000212,Runnymede,59.55481895762017,46.70700544814618,53.29299455185381,0.5762583424269988,3118.0,36874.0,261.433493318212,,33.8486080907255,,0.2871367746672416,Medium
E06000055,Bedford,61.573579292547976,53.64374978871097,46.35625021128903,0.4345340220252795,7366.0,77882.0,372.535749183544,,31.4166525324876,,0.28608034468969123,Medium
E07000092,Rushmoor,61.438781535704834,51.8437824519965,48.156217548003504,0.47130907600115973,3314.0,41680.0,373.417698192388,,35.0755711945923,,0.2860796757012576,Medium
E07000039,South Derbyshire,61.56917981846431,52.40207703001063,47.59792296998937,0.45990258388203753,4736.0,47485.0,368.20305013736,,24.5048175017409,,0.28491896098401015,Medium
E09000003,Barnet,60.542794963304985,48.4072352187404,51.59276478125959,0.5415210223047731,15034.0,161228.0,170.758031638424,,15.0122278291834,,0.28488641658282393,Medium
E07000203,Mid Suffolk,58.83601352465776,46.653884215734784,53.346115784265216,0.5773436600043503,4810.0,45986.0,236.438390410696,,20.4364269532584,,0.2848740904969135,Medium
E07000068,Brentwood,58.54767685223944,43.44077019673504,56.55922980326496,0.6429906520742499,2594.0,33632.0,182.248807532385,,22.8498374815512,,0.2834637611139341,Medium
E06000031,Peterborough,62.25230572550452,56.33640763400602,43.66359236599398,0.37952044729005596,8460.0,87945.0,412.347033789103,,42.0294134387265,,0.28242202812180717,Medium
E09000020,Kensington and Chelsea,58.87545622275756,46.5351241167608,53.4648758832392,0.5797700423952226,6829.0,73746.0,205.379980500465,,15.3684361125361,,0.28218417591799927,Low
E09000007,Camden,60.88383522006951,51.645860366608495,48.35413963339151,0.47535281347611225,8724.0,101043.0,302.039430143728,,29.2940117794443,,0.2821401251505824,Low
E06000061,North Northamptonshire,65.77689586929976,64.98589414291128,35.014105857088715,0.20280316651470132,16106.0,156345.0,529.153011207405,,39.2333399430068,,0.28201754551100233,Low
E07000095,Broxbourne,60.25280643385433,49.46982934009909,50.53017065990091,0.5198112082596212,3109.0,41400.0,305.733268997575,,24.8483243707518,,0.28042554895800664,Low
E07000179,South Oxfordshire,59.13962533614914,45.28327686534284,54.716723134657165,0.6053464788679449,6050.0,64893.0,178.843232978641,,14.3232372677938,,0.28000062253388747,Low
E07000096,Dacorum,60.24572130403439,49.19365604891464,50.80634395108537,0.5254536926996686,5405.0,65909.0,269.073003549101,,22.2360118328205,,0.2780386225746059,Low
E07000176,Rushcliffe,59.36085341563639,45.1075741534928,54.89242584650721,0.608936253293401,4859.0,52472.0,181.34878962791,,19.0779370815785,,0.2779189334486583,Low
E07000098,Hertsmere,60.22429424173063,48.28329069610879,51.71670930389121,0.5440533274287718,3563.0,44365.0,265.190750015439,,16.929043803424,,0.27725373032153283,Low
E06000040,Windsor and Maidenhead,58.45258717977655,43.96936011736825,56.03063988263176,0.6321910545116215,5253.0,64275.0,149.154879889134,,22.9142785400116,,0.2771263295435404,Low
E07000009,East Cambridgeshire,59.38038047215219,47.4925509970204,52.5074490029796,0.5602088956558744,3889.0,38607.0,242.510909677668,,22.0291511873736,,0.2767842377338429,Low
E07000087,Fareham,60.5413383311326,47.56996209055672,52.430037909443286,0.5586273129876432,3672.0,51320.0,243.324682943827,,14.1537003899182,,0.2756389344584338,Low
E07000207,Elmbridge,58.414822652619954,43.95884129978071,56.041158700219285,0.6324059640139515,4565.0,58640.0,150.908630079112,,9.68107605163128,,0.2752902675027668,Low
E07000071,Colchester,61.26895376671161,52.39946899139725,47.60053100860276,0.45995586860494453,7558.0,83032.0,309.852914073524,,31.6805823870246,,0.27446169609283955,Low
E07000115,Tonbridge and Malling,60.702662349343406,49.48012232415902,50.51987767584097,0.5196009127522216,4886.0,56588.0,269.946677240023,,23.1731553461667,,0.27408634308325597,Low
E06000062,West Northamptonshire,64.85617144034617,63.73892437667422,36.26107562332578,0.22827995130089831,18244.0,181469.0,452.787041334703,,24.5679933050359,,0.27272637514266906,Low
E09000011,Greenwich,63.73315173170128,57.67219726182474,42.32780273817526,0.35222898779439576,11463.0,123905.0,383.265329784659,,32.4288806733955,,0.27220376264352525,Low
E07000221,Stratford-on-Avon,59.39646562154092,48.77725435683579,51.22274564316422,0.5339611774686972,8990.0,60309.0,205.188508361561,,14.3159245799413,,0.2718061932305965,Low
E07000177,Cherwell,61.444171812225306,52.82039528675816,47.17960471324184,0.4513559418640402,6241.0,69575.0,320.317846297448,,17.9009522010277,,0.2698937887543697,Low
E07000107,Dartford,63.583453912635406,56.25708810762191,43.74291189237808,0.38114102106637854,4172.0,48377.0,417.434498564757,,36.2620870186402,,0.2689938688080212,Low
E07000227,Horsham,59.29921307782463,46.37817927213504,53.62182072786496,0.5829765756553669,5665.0,65802.0,172.954323766685,,15.7460908409903,,0.26751107829255494,Low
E07000208,Epsom and Ewell,58.245362022066686,42.55020018949234,57.44979981050765,0.6611858489634505,2705.0,33081.0,114.471925893296,,,,0.26682559371120074,Low
E07000041,Exeter,61.91441358309496,52.49607825043832,47.50392174956169,0.4579820490564798,5445.0,56035.0,311.388056455517,,25.0299691363871,,0.26638691624950256,Low
E09000028,Southwark,63.600289825807565,59.72430913960933,40.27569086039068,0.31030237972170505,10836.0,141398.0,420.126708990466,,30.8752047923356,,0.26633888548843293,Low
E06000056,Central Bedfordshire,62.521681198890136,54.19970276661322,45.80029723338678,0.42317537103568664,10394.0,125420.0,298.222872033357,,26.5058973494063,,0.2660925955701021,Low
E07000099,North Hertfordshire,59.97550226436886,48.861736725327496,51.1382632746725,0.5322351218909531,5014.0,58989.0,229.648302043544,,17.8005967142503,,0.2651499891595687,Low
E07000181,West Oxfordshire,59.92392677907355,50.18774596526699,49.81225403473301,0.5051434850725313,4986.0,50679.0,254.793965921105,,17.6631754909084,,0.26323530306685683,Low
E07000149,South Norfolk,59.331163002966456,46.822849319236326,53.17715068076368,0.573891541360547,6784.0,63811.0,159.007498677048,,23.6173494945125,,0.263020903802077,Low
E07000214,Surrey Heath,59.43606367278094,44.665823318574745,55.33417668142526,0.6179616452917106,2564.0,38003.0,148.902225870742,,14.6879240091175,,0.26137144525207556,Low
E07000220,Rugby,61.5610049646457,51.27877237851662,48.72122762148338,0.48285277211459343,6406.0,47697.0,258.670860104625,,28.9711167100774,,0.2609768099892128,Low
E07000131,Harborough,60.59346810380719,49.13956608225008,50.86043391774992,0.5265588024442006,3712.0,42470.0,233.301924988414,,16.6904890734192,,0.2593622956771467,Low
E07000094,Winchester,61.26671042914581,52.508410601460575,47.49158939853943,0.45773008733181825,5227.0,54525.0,291.133858479811,,12.4894346089992,,0.2582075942734615,Low
E07000070,Chelmsford,60.31765680648991,48.78190542144836,51.21809457855164,0.533866151770906,5905.0,78428.0,199.064108950812,,22.7771228856268,,0.25812884556015075,Low
E07000110,Maidstone,61.40127753566952,51.87033609933736,48.12966390066264,0.47076655959305697,6951.0,75059.0,253.581910125242,,29.9965874750047,,0.2563368807155407,Low
E09000019,Islington,62.94709275392639,57.83633945516221,42.16366054483779,0.34887540581733445,8004.0,104534.0,374.23948771561,,29.6188430430114,,0.25479452834028016,Low
E07000085,East Hampshire,60.28698550005318,48.96656858226681,51.03343141773319,0.5300933068042574,4856.0,55640.0,200.229549677914,,16.8805992480318,,0.2531477077674991,Low
E07000242,East Hertfordshire,60.5872655523898,49.52386756662045,50.47613243337955,0.518707155615693,5040.0,64499.0,207.552491137594,,21.6838659715336,,0.2519041340573144,Low
E07000217,Woking,60.39842788518798,48.47155504386835,51.52844495613165,0.5402069067691452,3312.0,43800.0,199.805113067329,,,,0.2513147174529012,Low
E09000032,Wandsworth,61.79046477788239,52.9250645734627,47.0749354265373,0.44921744824270465,10352.0,148853.0,214.96711622734,,26.5812903309602,,0.2464697616453946,Low
E06000039,Slough,61.29063931581169,51.94890476711643,48.05109523288357,0.46916132657607207,5441.0,55512.0,236.548935170701,,39.2627795022813,,0.24398096448895934,Low
E07000086,Eastleigh,62.96103596553372,54.40960838262188,45.59039161737813,0.41888679857045036,4279.0,60160.0,296.69094094703,,25.8135299879297,,0.24114918807605007,Low
E07000105,Ashford,60.95351643577738,51.94284886807935,48.05715113192065,0.46928505438458196,5574.0,56525.0,220.858570848132,,23.8468014310515,,0.2388917848557402,Low
E07000211,Reigate and Banstead,60.29129806056482,50.263695134399455,49.73630486560055,0.5035917709178913,4737.0,63250.0,188.591264011334,,22.274962319204,,0.23792831189863647,Low
E07000241,Welwyn Hatfield,62.50097647501478,57.47227348467203,42.52772651532797,0.3563136217462946,4116.0,48161.0,355.039891267663,,43.2303313186953,,0.23645924515298306,Low
E09000012,Hackney,63.83737963233148,61.332068864896414,38.66793113510359,0.27745431105308005,10193.0,114865.0,371.209204713386,,38.8276556758259,,0.23325652900954108,Low
E07000008,Cambridge,62.63941330881372,54.99562502780703,45.00437497219297,0.40691391810874944,5051.0,54689.0,276.340866677637,,22.4251555254053,,0.23191860136821973,Low
E06000042,Milton Keynes,64.85891642215131,61.25663047125427,38.74336952874573,0.27899558957600434,8611.0,119581.0,380.441333772169,,34.7587011611422,,0.23131982046547248,Low
E06000060,Buckinghamshire,63.04042693432936,58.72081593949836,41.27918406050164,0.33080470542827606,20177.0,232722.0,200.46497890251,,15.427587871008,,0.23033627472180168,Low
E07000228,Mid Sussex,61.26365835818376,51.00573904236764,48.99426095763236,0.4884311042705654,5541.0,66780.0,170.224322362089,,16.7654557708493,,0.22825311359156988,Low
E09000033,Westminster,61.46107158282376,55.263008342615535,44.73699165738447,0.4014510212918101,9048.0,103366.0,227.828614570577,,18.6564764777254,,0.22714369187611377,Low
E07000012,South Cambridgeshire,61.78868473165719,52.50169202617,47.49830797383,0.45786735424989616,5849.0,69645.0,186.930175968742,,11.5019712740558,,0.2231662788703289,Low
E07000077,Uttlesford,60.81500898741761,51.904833233473134,48.09516676652687,0.4700617501534747,3615.0,38349.0,190.648325109789,,,,0.22109361488782814,Low
E06000041,Wokingham,62.02594101802611,51.65411975965191,48.34588024034809,0.4751840661778783,4537.0,73130.0,173.484546935748,,14.9792442263861,,0.22040108946075462,Low
E07000226,Crawley,62.41229640033527,55.26130983394876,44.73869016605124,0.4014857234481353,3718.0,48136.0,255.28751253701,,36.8567668454358,,0.21724684427686153,Low
E07000084,Basingstoke and Deane,63.281737142857146,58.59314285714285,41.40685714285715,0.33341318859301006,6212.0,81096.0,303.901405373873,,16.0978376131234,,0.2167166043936649,Low
E07000180,Vale of White Horse,63.05702921608331,56.0037604859705,43.996239514029504,0.386316746630831,5262.0,60665.0,245.640188618139,,16.3427168547722,,0.21344251614521106,Low
E07000083,Tewkesbury,61.71092931042341,53.02174012123422,46.97825987876578,0.44724227435208574,3391.0,43587.0,192.42031754229,,28.1424742265293,,0.21177113827723681,Low
E07000089,Hart,61.885176227487264,52.67804729142696,47.32195270857304,0.45426424753430794,2943.0,42230.0,160.77808968682,,19.2875616757865,,0.20156078090759472,Low
E06000036,Bracknell Forest,62.84613922629024,54.92855538469513,45.07144461530487,0.40828421505540696,3463.0,53252.0,199.313994247341,,15.957584202397,,0.19892935710251336,Low
E09000030,Tower Hamlets,68.44720933351213,74.91216306825801,25.087836931741982,0.0,8959.0,130621.0,501.197117539219,,41.1451915680585,,0.16435637907338643,Low
